"Product Number","Description"
"1011067-2","Busbar, 8.6614173228346 In"
"1054025-101","Busbar, Shield, 4 In, Brass"
"232941-200","Busbar, Ground, 5.511811023622"
"232941-20","Busbar, Ground, 5.511811023622"
"232941-2","Busbar, Ground, 8.503937007874"
"232941-1","Busbar, Ground, 6.496062992126"
"232941-300","Busbar, Ground, 8.6614173228346"
"1907880-9","Busbar"
"1907880-10","Busbar"
"1247052-500","Busbar, Ground, 3.5787401574803"
"1247052-200","Busbar, Ground, 1.4803149606299"
"1054025-3","Busbar, Shield, 12 In, Brass"
"1247052-5","Busbar, Ground, 3.503937007874"
"1247052-400","Busbar, Ground, 2.8818897637795"
"1247052-1","Lug, Terminal, Plug"
"1054025-1","Busbar, Shield, 4 In, Brass"
"1054025-301","Busbar, Shield, 12 In, Brass"
"1011067-3","Busbar, 10.511811023622 In"
"603553C1","Busbar, Drives, Copper"